"year","total","concepto","mdp","pctTot","conPctPib","totIngPctPib","tipo"
1994,328518.1,"IEPS de gasolina y diesel",21776.9,6.62882806152842,1.22365370502938,18.459578279471,"Petroleros"
1994,328518.1,"Aprovechamientos",151.3,0.0460553010625594,0.00850161435148922,18.459578279471,"Petroleros"
1994,328518.1,"CFE",20809.3,6.33429330073442,1.16928383030036,18.459578279471,"No petroleros"
1994,328518.1,"Otros",8223.7,2.50327150924104,0.462093363796047,18.459578279471,"No petroleros"
1994,328518.1,"ISR",72900.4,22.1906799046993,4.09630592775482,18.459578279471,"No petroleros"
1994,328518.1,"Derechos",30879.5,9.39963429716658,1.73513285106947,18.459578279471,"Petroleros"
1994,328518.1,"Otros petroleros",3.2,0.000974071139459287,0.000179809424486223,18.459578279471,"Petroleros"
1994,328518.1,"Pemex",32409.4,9.86533162099744,1.82109861310743,18.459578279471,"Petroleros"
1994,328518.1,"IEPS",6168.2,1.87758300075399,0.346593903786225,18.459578279471,"No petroleros"
1994,328518.1,"IMSS",34908.5,10.626050741192,1.96152415458666,18.459578279471,"No petroleros"
1994,328518.1,"IETU",0,0,0,18.459578279471,"No petroleros"
1994,328518.1,"ISSSTE",4866.68,1.48140391655741,0.273460915612066,18.459578279471,"No petroleros"
1994,328518.1,"IDE",0,0,0,18.459578279471,"No petroleros"
1994,328518.1,"IVA",38536.9,11.7305256544464,2.16540556577597,18.459578279471,"No petroleros"
1994,328518.1,"Importación",12708.1,3.8683104523008,0.714073796035427,18.459578279471,"No petroleros"
1994,328518.1,"No tributarios",28754.1,8.75266842222696,1.61570567894353,18.459578279471,"No petroleros"
1994,328518.1,"Entidades desincorporadas",11823.72,3.59910762907736,0.66438009015195,18.459578279471,"No petroleros"
1994,328518.1,"LFC",3598.2,1.09528211687575,0.202184459745727,18.459578279471,"No petroleros"
1995,418882.6,"Pemex",49298.6,11.7690732439113,2.23404583141493,18.9823428329049,"Petroleros"
1995,418882.6,"Otros petroleros",0,0,0,18.9823428329049,"Petroleros"
1995,418882.6,"Otros",8960.4,2.13911964832151,0.40605502525042,18.9823428329049,"No petroleros"
1995,418882.6,"ISR",73705.4,17.5957177500331,3.34007946722158,18.9823428329049,"No petroleros"
1995,418882.6,"IETU",0,0,0,18.9823428329049,"No petroleros"
1995,418882.6,"Aprovechamientos",7894.8,1.88472856117681,0.357765636952258,18.9823428329049,"Petroleros"
1995,418882.6,"IMSS",39072,9.3276731953058,1.77061090426593,18.9823428329049,"No petroleros"
1995,418882.6,"Derechos",64474.5,15.3920215353896,2.92176629676222,18.9823428329049,"Petroleros"
1995,418882.6,"CFE",28488.7,6.8011180220902,1.29101153942365,18.9823428329049,"No petroleros"
1995,418882.6,"ISSSTE",7694.4,1.83688699411243,0.348684186675464,18.9823428329049,"No petroleros"
1995,418882.6,"No tributarios",37469.4,8.94508389701554,1.69798649202246,18.9823428329049,"No petroleros"
1995,418882.6,"IVA",51785.1,12.3626763202864,2.34672560243912,18.9823428329049,"No petroleros"
1995,418882.6,"Importación",11144.8,2.66060227853819,0.505044645932199,18.9823428329049,"No petroleros"
1995,418882.6,"IEPS de gasolina y diesel",17329.2,4.13700640704579,0.785300739204675,18.9823428329049,"Petroleros"
1995,418882.6,"IEPS",7380.8,1.76202114864642,0.334472895224354,18.9823428329049,"No petroleros"
1995,418882.6,"IDE",0,0,0,18.9823428329049,"No petroleros"
1995,418882.6,"LFC",1497.8,0.357570355035038,0.0678752306615864,18.9823428329049,"No petroleros"
1995,418882.6,"Entidades desincorporadas",12686.7,3.02870064309188,0.574918339454098,18.9823428329049,"No petroleros"
1996,580722,"IEPS de gasolina y diesel",20412.4,3.51500373672773,0.676091754836419,19.2344533740332,"Petroleros"
1996,580722,"Derechos",106104.4,18.2711176776495,3.51434961062224,19.2344533740332,"Petroleros"
1996,580722,"Otros petroleros",0,0,0,19.2344533740332,"Petroleros"
1996,580722,"IDE",0,0,0,19.2344533740332,"No petroleros"
1996,580722,"IVA",72109.6,12.417232341809,2.38838676513062,19.2344533740332,"No petroleros"
1996,580722,"Importación",14854.7,2.55797093962343,0.492011727703188,19.2344533740332,"No petroleros"
1996,580722,"Aprovechamientos",6730,1.15890219416519,0.222908502187352,19.2344533740332,"Petroleros"
1996,580722,"No tributarios",53725.4,9.25148349812819,1.77947227985384,19.2344533740332,"No petroleros"
1996,580722,"Otros",12184.7,2.09819844951629,0.403577002466898,19.2344533740332,"No petroleros"
1996,580722,"IEPS",9282.8,1.59849291054928,0.307461373566828,19.2344533740332,"No petroleros"
1996,580722,"IMSS",48422.3,8.33829267704685,1.603825017157,19.2344533740332,"No petroleros"
1996,580722,"Pemex",73353.2,12.6313795585495,2.42957681168637,19.2344533740332,"Petroleros"
1996,580722,"ISR",97162,16.7312414546031,3.21816283648254,19.2344533740332,"No petroleros"
1996,580722,"CFE",39723.2,6.8403125764135,1.31569673314838,19.2344533740332,"No petroleros"
1996,580722,"ISSSTE",10074.7,1.7348576427275,0.333690384396272,19.2344533740332,"No petroleros"
1996,580722,"Entidades desincorporadas",15408.5,2.6533349864479,0.510354480825232,19.2344533740332,"No petroleros"
1996,580722,"LFC",1174.1,0.202179356042995,0.0388880939700104,19.2344533740332,"No petroleros"
1996,580722,"IETU",0,0,0,19.2344533740332,"No petroleros"
1997,737180.9,"ISR",135100.7,18.3266685287153,3.55158886116041,19.3793479463852,"No petroleros"
1997,737180.9,"IEPS",10967.4,1.48774880087099,0.288316016688964,19.3793479463852,"No petroleros"
1997,737180.9,"Derechos",122237.5,16.5817508294097,3.21343518883393,19.3793479463852,"Petroleros"
1997,737180.9,"IETU",0,0,0,19.3793479463852,"No petroleros"
1997,737180.9,"Pemex",85040.3,11.5358794564536,2.23557821854172,19.3793479463852,"Petroleros"
1997,737180.9,"IMSS",55703.5,7.55628638777809,1.46435903091286,19.3793479463852,"No petroleros"
1997,737180.9,"IVA",97741.6,13.2588351108934,2.56947578977752,19.3793479463852,"No petroleros"
1997,737180.9,"Importación",18102.6,2.45565233716717,0.475889410773167,19.3793479463852,"No petroleros"
1997,737180.9,"IEPS de gasolina y diesel",34383.7,4.66421471310502,0.903894398219115,19.3793479463852,"Petroleros"
1997,737180.9,"Aprovechamientos",6818.3,0.924915444770748,0.17924258225198,19.3793479463852,"Petroleros"
1997,737180.9,"ISSSTE",13195.1,1.78994056953999,0.346878811004663,19.3793479463852,"No petroleros"
1997,737180.9,"Entidades desincorporadas",19406.3,2.63250173736189,0.510161671377996,19.3793479463852,"No petroleros"
1997,737180.9,"IDE",0,0,0,19.3793479463852,"No petroleros"
1997,737180.9,"Otros petroleros",501.8,0.0680701304116805,0.0131915474200377,19.3793479463852,"Petroleros"
1997,737180.9,"No tributarios",67070.9,9.09829595422236,1.76319043016064,19.3793479463852,"No petroleros"
1997,737180.9,"LFC",1006.4,0.136520086182374,0.0264567025179872,19.3793479463852,"No petroleros"
1997,737180.9,"CFE",54085.5,7.33680159103417,1.42182430846244,19.3793479463852,"No petroleros"
1997,737180.9,"Otros",15819.3,2.14591832208349,0.415864978281792,19.3793479463852,"No petroleros"
1998,783045.9,"Pemex",82066.4,10.4804073426602,1.78960344599367,17.0757050511685,"Petroleros"
1998,783045.9,"Aprovechamientos",598,0.0763684478777042,0.0130404509117521,17.0757050511685,"Petroleros"
1998,783045.9,"IVA",119871.3,15.3083363312419,2.61400636016373,17.0757050511685,"No petroleros"
1998,783045.9,"IETU",0,0,0,17.0757050511685,"No petroleros"
1998,783045.9,"IEPS",14977.4,1.91271035325005,0.326608778404141,17.0757050511685,"No petroleros"
1998,783045.9,"IDE",0,0,0,17.0757050511685,"No petroleros"
1998,783045.9,"Otros petroleros",0,0,0,17.0757050511685,"Petroleros"
1998,783045.9,"ISR",169476.4,21.643226789132,3.69573357006767,17.0757050511685,"No petroleros"
1998,783045.9,"LFC",1386.1,0.177013888968705,0.030226369579899,17.0757050511685,"No petroleros"
1998,783045.9,"Importación",21488.4,2.74420694878806,0.46859268456872,17.0757050511685,"No petroleros"
1998,783045.9,"IEPS de gasolina y diesel",61620.9,7.86938543449369,1.34375304613376,17.0757050511685,"Petroleros"
1998,783045.9,"No tributarios",51574.5,6.58639551014826,1.12467347081632,17.0757050511685,"No petroleros"
1998,783045.9,"CFE",63721.8,8.13768388289882,1.38956689784028,17.0757050511685,"No petroleros"
1998,783045.9,"ISSSTE",15947.2,2.03656005350389,0.347756987926243,17.0757050511685,"No petroleros"
1998,783045.9,"Entidades desincorporadas",17471.7,2.2312485130182,0.381001415041571,17.0757050511685,"No petroleros"
1998,783045.9,"IMSS",57277,7.31464145332987,1.24902660012111,17.0757050511685,"No petroleros"
1998,783045.9,"Derechos",88778,11.3375218489746,1.93596179104269,17.0757050511685,"Petroleros"
1998,783045.9,"Otros",16790.8,2.14429320171397,0.366153182556936,17.0757050511685,"No petroleros"
1999,956683.1,"IEPS",19242.6,2.0113870517834,0.347410399996967,17.2721803935715,"No petroleros"
1999,956683.1,"Otros petroleros",0,0,0,17.2721803935715,"Petroleros"
1999,956683.1,"IEPS de gasolina y diesel",87461.1,9.1421182207567,1.57904315088266,17.2721803935715,"Petroleros"
1999,956683.1,"ISR",216123.4,22.5909081073973,3.90194240085563,17.2721803935715,"No petroleros"
1999,956683.1,"IVA",151183.5,15.8028818529354,2.72950226102197,17.2721803935715,"No petroleros"
1999,956683.1,"IETU",0,0,0,17.2721803935715,"No petroleros"
1999,956683.1,"Entidades desincorporadas",10852.4,1.13437772654289,0.195931767272982,17.2721803935715,"No petroleros"
1999,956683.1,"Derechos",90465,9.45610934279073,1.63327626390018,17.2721803935715,"Petroleros"
1999,956683.1,"Pemex",101165.8,10.5746406516432,1.82647100932375,17.2721803935715,"Petroleros"
1999,956683.1,"IMSS",70917.2,7.41282039998407,1.28035571173671,17.2721803935715,"No petroleros"
1999,956683.1,"LFC",1753.3,0.183268628869894,0.0316544881832331,17.2721803935715,"No petroleros"
1999,956683.1,"Importación",27302.8,2.85390219603545,0.49293113555534,17.2721803935715,"No petroleros"
1999,956683.1,"Otros",20369,2.12912718955734,0.367746688988921,17.2721803935715,"No petroleros"
1999,956683.1,"Aprovechamientos",7123.4,0.744593481373299,0.12860752930157,17.2721803935715,"Petroleros"
1999,956683.1,"CFE",77949.3,8.1478704912839,1.40731488948913,17.2721803935715,"No petroleros"
1999,956683.1,"ISSSTE",19697,2.05888449372629,0.355614243851676,17.2721803935715,"No petroleros"
1999,956683.1,"IDE",0,0,0,17.2721803935715,"No petroleros"
1999,956683.1,"No tributarios",55077.3,5.75711016532016,0.994378453210738,17.2721803935715,"No petroleros"
2000,1179918.9,"Derechos",196143.2,16.6234475945762,3.03474943379808,18.2558366219306,"Petroleros"
2000,1179918.9,"IETU",0,0,0,18.2558366219306,"No petroleros"
2000,1179918.9,"ISR",258754.2,21.9298292450439,4.00347379844357,18.2558366219306,"No petroleros"
2000,1179918.9,"IVA",189605.9,16.0694010410377,2.93360360017465,18.2558366219306,"No petroleros"
2000,1179918.9,"Importación",32861.4,2.78505582036189,0.508435240394836,18.2558366219306,"No petroleros"
2000,1179918.9,"Pemex",100591.5,8.52528932285092,1.55636289032656,18.2558366219306,"Petroleros"
2000,1179918.9,"Aprovechamientos",22201,1.88156999603956,0.343496344404248,18.2558366219306,"Petroleros"
2000,1179918.9,"ISSSTE",21190.8,1.79595394225824,0.327866417503785,18.2558366219306,"No petroleros"
2000,1179918.9,"IEPS",15333.2,1.2995130428032,0.237236977974831,18.2558366219306,"No petroleros"
2000,1179918.9,"IDE",0,0,0,18.2558366219306,"No petroleros"
2000,1179918.9,"Otros petroleros",0,0,0,18.2558366219306,"Petroleros"
2000,1179918.9,"IMSS",85598.2,7.25458334466886,1.32438488300454,18.2558366219306,"No petroleros"
2000,1179918.9,"LFC",2084.9,0.176698584962068,0.0322578049839384,18.2558366219306,"No petroleros"
2000,1179918.9,"CFE",96076.2,8.14261047941515,1.48650166588223,18.2558366219306,"No petroleros"
2000,1179918.9,"IEPS de gasolina y diesel",66210.9,5.61147889062545,1.02442241834671,18.2558366219306,"Petroleros"
2000,1179918.9,"No tributarios",68220.1,5.78176178040711,1.05550898450035,18.2558366219306,"No petroleros"
2000,1179918.9,"Entidades desincorporadas",6109.7,0.517806774685955,0.0945299588039563,18.2558366219306,"No petroleros"
2000,1179918.9,"Otros",18937.7,1.60500014026388,0.29300620338833,18.2558366219306,"No petroleros"
2001,1271646.3,"IVA",208408.1,16.3888417714894,3.07815976918835,18.7820458096265,"No petroleros"
2001,1271646.3,"IEPS",23500.3,1.84802173371636,0.347096288598461,18.7820458096265,"No petroleros"
2001,1271646.3,"IDE",0,0,0,18.7820458096265,"No petroleros"
2001,1271646.3,"Pemex",103523.9,8.14093510121486,1.52903416004214,18.7820458096265,"Petroleros"
2001,1271646.3,"ISR",285523.1,22.4530280157305,4.21713800756276,18.7820458096265,"No petroleros"
2001,1271646.3,"LFC",2673.4,0.210231414191195,0.0394857605196157,18.7820458096265,"No petroleros"
2001,1271646.3,"Otros petroleros",0,0,0,18.7820458096265,"Petroleros"
2001,1271646.3,"IEPS de gasolina y diesel",87188.5,6.85634834151603,1.28776248637111,18.7820458096265,"Petroleros"
2001,1271646.3,"Aprovechamientos",8260,0.649551687446423,0.121999095493389,18.7820458096265,"Petroleros"
2001,1271646.3,"CFE",100436.5,7.89814746443252,1.48343367488157,18.7820458096265,"No petroleros"
2001,1271646.3,"IETU",0,0,0,18.7820458096265,"No petroleros"
2001,1271646.3,"Entidades desincorporadas",6618.2,0.520443459789094,0.0977499290307925,18.7820458096265,"No petroleros"
2001,1271646.3,"IMSS",95462.1,7.5069695087384,1.40996245204594,18.7820458096265,"No petroleros"
2001,1271646.3,"Derechos",187606.7,14.7530567265442,2.7709258726997,18.7820458096265,"Petroleros"
2001,1271646.3,"No tributarios",88377.6,6.94985704751392,1.30532533436762,18.7820458096265,"No petroleros"
2001,1271646.3,"Importación",28902,2.27280180031193,0.426878675296601,18.7820458096265,"No petroleros"
2001,1271646.3,"Otros",21348.2,1.67878442299561,0.315310059371908,18.7820458096265,"No petroleros"
2001,1271646.3,"ISSSTE",23817.7,1.87298150436957,0.351784244156524,18.7820458096265,"No petroleros"
2002,1387500.4,"IEPS",24035.8,1.7323094105054,0.335685028848259,19.3778909710087,"No petroleros"
2002,1387500.4,"ISR",318380.3,22.9463213127722,4.44651312584634,19.3778909710087,"No petroleros"
2002,1387500.4,"IETU",0,0,0,19.3778909710087,"No petroleros"
2002,1387500.4,"Entidades desincorporadas",7058.6,0.508727781267667,0.0985807147932802,19.3778909710087,"No petroleros"
2002,1387500.4,"Derechos",140495.7,10.1258132970628,1.96216906063274,19.3778909710087,"Petroleros"
2002,1387500.4,"Otros petroleros",0,0,0,19.3778909710087,"Petroleros"
2002,1387500.4,"Pemex",150031.6,10.8130851710025,2.09534785503917,19.3778909710087,"Petroleros"
2002,1387500.4,"IMSS",100682.9,7.25642313328342,1.40614176316272,19.3778909710087,"No petroleros"
2002,1387500.4,"IVA",218441.7,15.7435414072673,3.05076628887588,19.3778909710087,"No petroleros"
2002,1387500.4,"Importación",27233,1.96273817290431,0.380337263191766,19.3778909710087,"No petroleros"
2002,1387500.4,"IEPS de gasolina y diesel",112221.4,8.08802649714552,1.56728895632315,19.3778909710087,"Petroleros"
2002,1387500.4,"Aprovechamientos",7289,0.52533318188593,0.101798491220386,19.3778909710087,"Petroleros"
2002,1387500.4,"ISSSTE",24610.4,1.77372201117924,0.343709917455096,19.3778909710087,"No petroleros"
2002,1387500.4,"IDE",0,0,0,19.3778909710087,"No petroleros"
2002,1387500.4,"Otros",27971.5,2.01596338278533,0.390651186331601,19.3778909710087,"No petroleros"
2002,1387500.4,"No tributarios",113285,8.16468233090239,1.58214324021148,19.3778909710087,"No petroleros"
2002,1387500.4,"LFC",3839,0.276684604919754,0.0536156410749161,19.3778909710087,"No petroleros"
2002,1387500.4,"CFE",111924.5,8.06662830511616,1.56314243800194,19.3778909710087,"No petroleros"
2003,1600589.8,"IETU",0,0,0,20.7987709337208,"No petroleros"
2003,1600589.8,"Pemex",175776.6,10.9819892642075,2.28411879102833,20.7987709337208,"Petroleros"
2003,1600589.8,"Aprovechamientos",17857.5,1.11568248154524,0.232048243684247,20.7987709337208,"Petroleros"
2003,1600589.8,"IVA",254433.4,15.8962277530445,3.30621999745829,20.7987709337208,"No petroleros"
2003,1600589.8,"ISSSTE",26220.1,1.63815238607668,0.340715562325371,20.7987709337208,"No petroleros"
2003,1600589.8,"IEPS",30178.8,1.88547996494792,0.392156658910717,20.7987709337208,"No petroleros"
2003,1600589.8,"IDE",0,0,0,20.7987709337208,"No petroleros"
2003,1600589.8,"Derechos",250744.3,15.6657439651309,3.25828220237076,20.7987709337208,"Petroleros"
2003,1600589.8,"Otros petroleros",1463,0.091403806271913,0.0190108682911971,20.7987709337208,"Petroleros"
2003,1600589.8,"ISR",337015.4,21.055700842277,4.37932698667472,20.7987709337208,"No petroleros"
2003,1600589.8,"LFC",4221.6,0.263752774133635,0.0548573353233888,20.7987709337208,"No petroleros"
2003,1600589.8,"Importación",26897.8,1.68049302825746,0.349521895504417,20.7987709337208,"No petroleros"
2003,1600589.8,"IEPS de gasolina y diesel",87579.4,5.47169549624769,1.13804541245528,20.7987709337208,"Petroleros"
2003,1600589.8,"No tributarios",96338,6.01890628067229,1.25185853003236,20.7987709337208,"No petroleros"
2003,1600589.8,"CFE",140078.3,8.75166766650643,1.82023931083718,20.7987709337208,"No petroleros"
2003,1600589.8,"Entidades desincorporadas",5488.7,0.34291734209477,0.0713225924742951,20.7987709337208,"No petroleros"
2003,1600589.8,"IMSS",115819.4,7.23604511287027,1.50500844768659,20.7987709337208,"No petroleros"
2003,1600589.8,"Otros",30477.5,1.90414183571581,0.396038098663678,20.7987709337208,"No petroleros"
2004,1771314.2,"IEPS",31910.5,1.80151550752543,0.367183830448648,20.3819411442654,"No petroleros"
2004,1771314.2,"IVA",285022.7,16.0910300386007,3.27966427197367,20.3819411442654,"No petroleros"
2004,1771314.2,"Otros petroleros",-733.9,-0.0414325137798816,-0.00844475057320514,20.3819411442654,"Petroleros"
2004,1771314.2,"IEPS de gasolina y diesel",53334.5,3.01101295298146,0.613702887922891,20.3819411442654,"Petroleros"
2004,1771314.2,"ISR",345217.5,19.4893429974197,3.97230641913809,20.3819411442654,"No petroleros"
2004,1771314.2,"CFE",154966.3,8.74866243380198,1.78314722816798,20.3819411442654,"No petroleros"
2004,1771314.2,"IETU",0,0,0,20.3819411442654,"No petroleros"
2004,1771314.2,"Entidades desincorporadas",0,0,0,20.3819411442654,"No petroleros"
2004,1771314.2,"IDE",0,0,0,20.3819411442654,"No petroleros"
2004,1771314.2,"Derechos",354381.8,20.0067159174809,4.07775706320135,20.3819411442654,"Petroleros"
2004,1771314.2,"Pemex",190772,10.770082461937,2.19515186858086,20.3819411442654,"Petroleros"
2004,1771314.2,"IMSS",122684.2,6.92616815243733,1.41168751638263,20.3819411442654,"No petroleros"
2004,1771314.2,"LFC",3671.9,0.207298061518391,0.0422513688918816,20.3819411442654,"No petroleros"
2004,1771314.2,"Importación",29521,1.66661566875035,0.339688624705803,20.3819411442654,"No petroleros"
2004,1771314.2,"Otros",25113.4,1.41778347398784,0.288971793221324,20.3819411442654,"No petroleros"
2004,1771314.2,"Aprovechamientos",39606,2.23596694476903,0.455733466688054,20.3819411442654,"Petroleros"
2004,1771314.2,"ISSSTE",29008.7,1.63769364012325,0.333793753853299,20.3819411442654,"No petroleros"
2004,1771314.2,"No tributarios",106837.6,6.03154426244649,1.22934580166216,20.3819411442654,"No petroleros"
2005,1947816.3,"Derechos",469205.1,24.0887757228441,4.97254637389581,20.6425865353556,"Petroleros"
2005,1947816.3,"IETU",0,0,0,20.6425865353556,"No petroleros"
2005,1947816.3,"IEPS",34440.7,1.76816982176399,0.364995985549674,20.6425865353556,"No petroleros"
2005,1947816.3,"ISR",384521.8,19.7411737441565,4.07508887323239,20.6425865353556,"No petroleros"
2005,1947816.3,"IVA",318432,16.3481535707448,3.37468174777382,20.6425865353556,"No petroleros"
2005,1947816.3,"Importación",26820.4,1.37694709711588,0.284237496068213,20.6425865353556,"No petroleros"
2005,1947816.3,"Pemex",185529.2,9.52498446593757,1.96620316086034,20.6425865353556,"Petroleros"
2005,1947816.3,"Aprovechamientos",54298,2.78763454233338,0.575439872690631,20.6425865353556,"Petroleros"
2005,1947816.3,"ISSSTE",39996.2,2.05338665663697,0.423872117501732,20.6425865353556,"No petroleros"
2005,1947816.3,"Entidades desincorporadas",0,0,0,20.6425865353556,"No petroleros"
2005,1947816.3,"IDE",0,0,0,20.6425865353556,"No petroleros"
2005,1947816.3,"Otros petroleros",2317.9,0.118999928278657,0.0245646631719329,20.6425865353556,"Petroleros"
2005,1947816.3,"IMSS",132636.7,6.80950765223599,1.40565850974447,20.6425865353556,"No petroleros"
2005,1947816.3,"LFC",-110.6,-0.0056781535301866,-0.00117211775607912,20.6425865353556,"No petroleros"
2005,1947816.3,"CFE",177259.8,9.10043724349159,1.87856563308348,20.6425865353556,"No petroleros"
2005,1947816.3,"IEPS de gasolina y diesel",15186.4,0.779662846029166,0.160942577675587,20.6425865353556,"Petroleros"
2005,1947816.3,"No tributarios",78490.9,4.02968698844958,0.831831623694668,20.6425865353556,"No petroleros"
2005,1947816.3,"Otros",28791.8,1.47815787351199,0.305130018168885,20.6425865353556,"No petroleros"
2006,2263602.5,"Aprovechamientos",6514.6,0.287797879707237,0.061858845683896,21.4938503879258,"Petroleros"
2006,2263602.5,"IVA",380576.1,16.8128503127205,3.61372889216206,21.4938503879258,"No petroleros"
2006,2263602.5,"IEPS",36975.9,1.63349793084254,0.351101601345159,21.4938503879258,"No petroleros"
2006,2263602.5,"IDE",0,0,0,21.4938503879258,"No petroleros"
2006,2263602.5,"IETU",0,0,0,21.4938503879258,"No petroleros"
2006,2263602.5,"Pemex",317655,14.0331617410742,3.01626678932214,21.4938503879258,"Petroleros"
2006,2263602.5,"ISR",448099.8,19.7958696370056,4.25489460276681,21.4938503879258,"No petroleros"
2006,2263602.5,"LFC",583.5,0.0257774940609051,0.0055405760072074,21.4938503879258,"No petroleros"
2006,2263602.5,"Otros petroleros",1609.3,0.0710946378615503,0.0152809750957993,21.4938503879258,"Petroleros"
2006,2263602.5,"IEPS de gasolina y diesel",-42217.5,-1.86505802145032,-0.400872780778541,21.4938503879258,"Petroleros"
2006,2263602.5,"No tributarios",84497.4,3.73287271064597,0.802338075597955,21.4938503879258,"No petroleros"
2006,2263602.5,"CFE",208069.6,9.19196722922863,1.97570768395757,21.4938503879258,"No petroleros"
2006,2263602.5,"ISSSTE",34515.7,1.52481277079346,0.327740975650332,21.4938503879258,"No petroleros"
2006,2263602.5,"Entidades desincorporadas",0,0,0,21.4938503879258,"No petroleros"
2006,2263602.5,"IMSS",143970.7,6.36024655388921,1.36706187859615,21.4938503879258,"No petroleros"
2006,2263602.5,"Derechos",577717.9,25.5220561030481,5.48567255471164,21.4938503879258,"Petroleros"
2006,2263602.5,"Importación",31726.4,1.40158883902982,0.301255408114936,21.4938503879258,"No petroleros"
2006,2263602.5,"Otros",33308.1,1.47146418154247,0.316274309692656,21.4938503879258,"No petroleros"
2007,2485785.1,"IEPS",41532.2,1.6707880339294,0.364500241612331,21.8160672814426,"No petroleros"
2007,2485785.1,"IEPS de gasolina y diesel",-48324,-1.9440135834751,-0.424107311331311,21.8160672814426,"Petroleros"
2007,2485785.1,"ISR",527183.6,21.2079314499069,4.62673659411393,21.8160672814426,"No petroleros"
2007,2485785.1,"IETU",0,0,0,21.8160672814426,"No petroleros"
2007,2485785.1,"Entidades desincorporadas",0,0,0,21.8160672814426,"No petroleros"
2007,2485785.1,"Derechos",549188.9,22.0931769202414,4.81986234152803,21.8160672814426,"Petroleros"
2007,2485785.1,"Otros petroleros",3738.4,0.150391117880625,0.0328094274621508,21.8160672814426,"Petroleros"
2007,2485785.1,"Pemex",374839.9,15.0793365041894,3.28971819734909,21.8160672814426,"Petroleros"
2007,2485785.1,"IMSS",155231.6,6.24477152107799,1.36236355661074,21.8160672814426,"No petroleros"
2007,2485785.1,"IVA",409012.5,16.4540571105684,3.5896281697686,21.8160672814426,"No petroleros"
2007,2485785.1,"Importación",32188,1.29488265095804,0.282492470348734,21.8160672814426,"No petroleros"
2007,2485785.1,"Otros",37339.4,1.50211697704681,0.327702850358504,21.8160672814426,"No petroleros"
2007,2485785.1,"Aprovechamientos",1255,0.0504870674460153,0.01101429260245,21.8160672814426,"Petroleros"
2007,2485785.1,"CFE",221625.7,8.9157224411716,1.94506000639268,21.8160672814426,"No petroleros"
2007,2485785.1,"ISSSTE",26126.8,1.05104821812634,0.229297386426846,21.8160672814426,"No petroleros"
2007,2485785.1,"IDE",0,0,0,21.8160672814426,"No petroleros"
2007,2485785.1,"No tributarios",158106.6,6.36042914570532,1.38759550181556,21.8160672814426,"No petroleros"
2007,2485785.1,"LFC",-3259.5,-0.131125574773137,-0.028606443615686,21.8160672814426,"No petroleros"
2008,2860926.4,"IETU",46586,1.62835366893745,0.380279814958679,23.3536376165028,"No petroleros"
2008,2860926.4,"IVA",457248.3,15.9825258000346,3.73250115730414,23.3536376165028,"No petroleros"
2008,2860926.4,"Importación",35783.1,1.25075220390151,0.29209613717958,23.3536376165028,"No petroleros"
2008,2860926.4,"Pemex",362530.7,12.6717940035088,2.95932485108918,23.3536376165028,"Petroleros"
2008,2860926.4,"Aprovechamientos",0,0,0,23.3536376165028,"Petroleros"
2008,2860926.4,"ISSSTE",29604.5,1.034787193407,0.241660451250252,23.3536376165028,"No petroleros"
2008,2860926.4,"IEPS",49283.9,1.7226552909575,0.402302674031728,23.3536376165028,"No petroleros"
2008,2860926.4,"IDE",17700.3,0.618691204359539,0.144486901831304,23.3536376165028,"No petroleros"
2008,2860926.4,"Derechos",905263.8,31.64233095965,7.38963530573114,23.3536376165028,"Petroleros"
2008,2860926.4,"Otros petroleros",4440.8,0.155222448225162,0.0362500880579681,23.3536376165028,"Petroleros"
2008,2860926.4,"ISR",562222.3,19.651756857499,4.58940008177657,23.3536376165028,"No petroleros"
2008,2860926.4,"LFC",-11320.9,-0.395707488315673,-0.0924120928426075,23.3536376165028,"No petroleros"
2008,2860926.4,"CFE",264948.4,9.26093030565204,2.16276410349887,23.3536376165028,"No petroleros"
2008,2860926.4,"IEPS de gasolina y diesel",-217609.1,-7.60624600479062,-1.77633512817853,23.3536376165028,"Petroleros"
2008,2860926.4,"No tributarios",150120.2,5.24725837057535,1.22542570466578,23.3536376165028,"No petroleros"
2008,2860926.4,"Entidades desincorporadas",0,0,0,23.3536376165028,"No petroleros"
2008,2860926.4,"IMSS",165227.4,5.77531110202625,1.34874522599287,23.3536376165028,"No petroleros"
2008,2860926.4,"Otros",38896.7,1.35958408437211,0.317512340155911,23.3536376165028,"No petroleros"
2009,2817185.5,"IVA",407795.1,14.4752661832173,3.37347580635354,23.3051037794716,"No petroleros"
2009,2817185.5,"IEPS",47364.3,1.68126309041417,0.391820108026975,23.3051037794716,"No petroleros"
2009,2817185.5,"ISR",534190.5,18.9618503999825,4.41907891422409,23.3051037794716,"No petroleros"
2009,2817185.5,"LFC",-1697.6,-0.0602587227571631,-0.014043357874741,23.3051037794716,"No petroleros"
2009,2817185.5,"Otros petroleros",920.6,0.0326780043415671,0.00761564282486247,23.3051037794716,"Petroleros"
2009,2817185.5,"IEPS de gasolina y diesel",3203.1,0.113698583213636,0.0264975728137269,23.3051037794716,"Petroleros"
2009,2817185.5,"Aprovechamientos",0,0,0,23.3051037794716,"Petroleros"
2009,2817185.5,"CFE",235921.2,8.37435802505728,1.95165282860411,23.3051037794716,"No petroleros"
2009,2817185.5,"IETU",44718,1.58732891391071,0.369928650708451,23.3051037794716,"No petroleros"
2009,2817185.5,"Entidades desincorporadas",0,0,0,23.3051037794716,"No petroleros"
2009,2817185.5,"IDE",15887.7,0.563956473579748,0.131430641438809,23.3051037794716,"No petroleros"
2009,2817185.5,"Derechos",488087,17.325341196027,4.03768874588165,23.3051037794716,"Petroleros"
2009,2817185.5,"Pemex",381953.2,13.557971244705,3.15969926896943,23.3051037794716,"Petroleros"
2009,2817185.5,"IMSS",169009.1,5.99921801386526,1.39812398408805,23.3051037794716,"No petroleros"
2009,2817185.5,"Importación",30196.4,1.07186409982587,0.249799040839319,23.3051037794716,"No petroleros"
2009,2817185.5,"Otros",45276.9,1.60716786310309,0.374552138406491,23.3051037794716,"No petroleros"
2009,2817185.5,"No tributarios",382808.5,13.5883313328143,3.16677471901082,23.3051037794716,"No petroleros"
2009,2817185.5,"ISSSTE",31551.5,1.11996529869971,0.261009075156038,23.3051037794716,"No petroleros"
2010,2960443,"ISR",626530.4,21.1634002073338,4.71838270274374,22.2950124106648,"No petroleros"
2010,2960443,"IEPS",60617.1,2.04756855646266,0.456505663780221,22.2950124106648,"No petroleros"
2010,2960443,"Derechos",641458.1,21.6676389310654,4.83080278877906,22.2950124106648,"Petroleros"
2010,2960443,"IETU",45069.2,1.52238026538596,0.339414869105311,22.2950124106648,"No petroleros"
2010,2960443,"Pemex",385437.1,13.0195751108871,2.90271588678811,22.2950124106648,"Petroleros"
2010,2960443,"IMSS",192692.6,6.50891099744194,1.45116251467881,22.2950124106648,"No petroleros"
2010,2960443,"IVA",504509.3,17.0416826130414,3.79944525356367,22.2950124106648,"No petroleros"
2010,2960443,"Importación",24531.1,0.828629363916144,0.184743019523517,22.2950124106648,"No petroleros"
2010,2960443,"IEPS de gasolina y diesel",-56153.3,-1.89678706869208,-0.422888912368785,22.2950124106648,"Petroleros"
2010,2960443,"Aprovechamientos",0,0,0,22.2950124106648,"Petroleros"
2010,2960443,"ISSSTE",34356.6,1.16052225967533,0.258738581823141,22.2950124106648,"No petroleros"
2010,2960443,"Entidades desincorporadas",0,0,0,22.2950124106648,"No petroleros"
2010,2960443,"IDE",8022.3,0.270983092733081,0.0604157141556437,22.2950124106648,"No petroleros"
2010,2960443,"Otros petroleros",2296.3,0.0775660939933652,0.0172933702822887,22.2950124106648,"Petroleros"
2010,2960443,"No tributarios",178129.9,6.01700150957137,1.34149123330883,22.2950124106648,"No petroleros"
2010,2960443,"LFC",0,0,0,22.2950124106648,"No petroleros"
2010,2960443,"CFE",267943.7,9.05079746510911,2.01787641811021,22.2950124106648,"No petroleros"
2010,2960443,"Otros",45002.6,1.52013060207543,0.338913306391031,22.2950124106648,"No petroleros"
2011,3271080,"Pemex",395232.2,12.0826210303631,2.72091110050923,22.5192124595459,"Petroleros"
2011,3271080,"No tributarios",176880.2,5.40739449967595,1.21770265590783,22.5192124595459,"No petroleros"
2011,3271080,"Derechos",849307.4,25.9641280555657,5.84691716010142,22.5192124595459,"Petroleros"
2011,3271080,"IEPS de gasolina y diesel",-145679.1,-4.45354745221762,-1.00290381275158,22.5192124595459,"Petroleros"
2011,3271080,"Aprovechamientos",0,0,0,22.5192124595459,"Petroleros"
2011,3271080,"ISR",720445.3,22.0246921506047,4.95978721895561,22.5192124595459,"No petroleros"
2011,3271080,"IVA",537142.5,16.4209527128655,3.69786922929175,22.5192124595459,"No petroleros"
2011,3271080,"Otros petroleros",3018.5,0.0922783912346992,0.0207803669763929,22.5192124595459,"Petroleros"
2011,3271080,"Otros",44277.6,1.35360798268462,0.304821857490123,22.5192124595459,"No petroleros"
2011,3271080,"IEPS",69245.6,2.11690328576495,0.476709948484517,22.5192124595459,"No petroleros"
2011,3271080,"CFE",300069.6,9.17341061667706,2.06577982655605,22.5192124595459,"No petroleros"
2011,3271080,"IETU",47164.5,1.44186323782971,0.32469624590296,22.5192124595459,"No petroleros"
2011,3271080,"ISSSTE",41178,1.25885028797828,0.283483170897435,22.5192124595459,"No petroleros"
2011,3271080,"IDE",-8442,-0.258079900216442,-0.0581175610451248,22.5192124595459,"No petroleros"
2011,3271080,"Importación",26881.2,0.821783631094318,0.1850592018439,22.5192124595459,"No petroleros"
2011,3271080,"IMSS",214358.5,6.5531414700955,1.47571585042542,22.5192124595459,"No petroleros"
2011,3271080,"LFC",0,0,0,22.5192124595459,"No petroleros"
2011,3271080,"Entidades desincorporadas",0,0,0,22.5192124595459,"No petroleros"
2012,3514529.531,"Pemex",463121.2858,13.1773337431092,2.97136613555377,22.5490694360502,"Petroleros"
2012,3514529.531,"IEPS de gasolina y diesel",-203084.3079,-5.77842086995399,-1.30298013427314,22.5490694360502,"Petroleros"
2012,3514529.531,"ISR",758912.4566,21.5935717684542,4.86914949179207,22.5490694360502,"No petroleros"
2012,3514529.531,"Derechos",923285.1108,26.2705179357902,5.92375733055137,22.5490694360502,"Petroleros"
2012,3514529.531,"Importación",27906.05809,0.794019735610524,0.17904406151876,22.5490694360502,"No petroleros"
2012,3514529.531,"Otros",32207.61162,0.916413173823464,0.206642642886565,22.5490694360502,"No petroleros"
2012,3514529.531,"Entidades desincorporadas",0,0,0,22.5490694360502,"No petroleros"
2012,3514529.531,"IDE",2785.461496,0.0792556008259644,0.0178714004622055,22.5490694360502,"No petroleros"
2012,3514529.531,"IETU",42198.75025,1.20069414349161,0.270745356130511,22.5490694360502,"No petroleros"
2012,3514529.531,"Aprovechamientos",0,0,0,22.5490694360502,"Petroleros"
2012,3514529.531,"LFC",0,0,0,22.5490694360502,"No petroleros"
2012,3514529.531,"Otros petroleros",573.189741,0.0163091456749521,0.00367756058267153,22.5490694360502,"Petroleros"
2012,3514529.531,"ISSSTE",39204.58404,1.1155002026358,0.251534915251627,22.5490694360502,"No petroleros"
2012,3514529.531,"No tributarios",214809.0499,6.11202859458915,1.37820557174515,22.5490694360502,"No petroleros"
2012,3514529.531,"IVA",579987.469,16.5025635404172,3.72117451145697,22.5490694360502,"No petroleros"
2012,3514529.531,"IEPS",72952.90124,2.07575155071303,0.468062658490171,22.5490694360502,"No petroleros"
2012,3514529.531,"IMSS",235095.126,6.68923461664889,1.50836015844847,22.5490694360502,"No petroleros"
2012,3514529.531,"CFE",324574.7838,9.23522710328878,2.08245777209752,22.5490694360502,"No petroleros"
2013,3800415.616,"Pemex",482935.9335,12.7074505079604,3.00443305048515,23.6430828402838,"Petroleros"
2013,3800415.616,"Derechos",861551.6395,22.6699320956585,5.35987082521262,23.6430828402838,"Petroleros"
2013,3800415.616,"IEPS de gasolina y diesel",-85996.2018,-2.2628104525713,-0.534998149820034,23.6430828402838,"Petroleros"
2013,3800415.616,"IETU",47205.0208,1.24210153755983,0.29367109548571,23.6430828402838,"No petroleros"
2013,3800415.616,"ISR",905523.464,23.8269588249161,5.63342761329522,23.6430828402838,"No petroleros"
2013,3800415.616,"IDE",-5988.175818,-0.157566340712563,-0.037253540463075,23.6430828402838,"No petroleros"
2013,3800415.616,"Importación",29259.48236,0.769902171668163,0.182028608236648,23.6430828402838,"No petroleros"
2013,3800415.616,"Aprovechamientos",0,0,0,23.6430828402838,"Petroleros"
2013,3800415.616,"No tributarios",280271.9738,7.37477165971102,1.74362337278725,23.6430828402838,"No petroleros"
2013,3800415.616,"IVA",556793.8912,14.6508684170189,3.46391695665677,23.6430828402838,"No petroleros"
2013,3800415.616,"Otros petroleros",3210.359124,0.0844738957098318,0.0199722331410905,23.6430828402838,"Petroleros"
2013,3800415.616,"Otros",33171.32294,0.872834086891616,0.20636488622202,23.6430828402838,"No petroleros"
2013,3800415.616,"IMSS",239142.1757,6.2925269197715,1.48774735238874,23.6430828402838,"No petroleros"
2013,3800415.616,"LFC",0,0,0,23.6430828402838,"No petroleros"
2013,3800415.616,"IEPS",78572.43096,2.06746942700701,0.488813509324807,23.6430828402838,"No petroleros"
2013,3800415.616,"CFE",334143.7873,8.79229592398349,2.07876980887031,23.6430828402838,"No petroleros"
2013,3800415.616,"ISSSTE",40618.51278,1.06879133453177,0.25269522061312,23.6430828402838,"No petroleros"
2013,3800415.616,"Entidades desincorporadas",0,0,0,23.6430828402838,"No petroleros"
